ein,foundation_name,donor_ticker,donor_company,relationship,notes
77-0532250,Agilent Technologies Foundation,A,Agilent Technologies,corporate_foundation,auto-added from IRS index scan (tier A — high confidence name match)
41-1948213,Apple Valley Foundation,AAPL,Apple Inc.,corporate_foundation,auto-added from IRS index scan (tier A — high confidence name match)
26-1215559,Abbvie Patient Assistance Foundation,ABBV,AbbVie,corporate_foundation,auto-added from IRS index scan (tier A — high confidence name match)
27-1820514,Accenture Charitable Trust Inc,ACN,Accenture,corporate_foundation,auto-added from IRS index scan (tier A — high confidence name match)
20-5189156,Casa Adobe Foundation,ADBE,Adobe Inc.,corporate_foundation,auto-added from IRS index scan (tier A — high confidence name match)
84-4029107,Analog Devices Foundation,ADI,Analog Devices,corporate_foundation,auto-added from IRS index scan (tier A — high confidence name match)
61-1703255,Autodesk Foundation,ADSK,Autodesk,corporate_foundation,auto-added from IRS index scan (tier A — high confidence name match)
43-6022693,Ameren Charitable Trust (Union Electric,AEE,Ameren,corporate_foundation,auto-added from IRS index scan (tier A — high confidence name match)
20-3886453,American Electric Power Foundation,AEP,American Electric Power,corporate_foundation,auto-added from IRS index scan (tier A — high confidence name match)
87-3898365,Aes Hawaii Foundation,AES,AES Corporation,corporate_foundation,auto-added from IRS index scan (tier A — high confidence name match)
82-4016978,Aflac Childhood Cancer Foundation Inc,AFL,Aflac,corporate_foundation,auto-added from IRS index scan (tier A — high confidence name match)
82-3001921,Assurant Cares Employee Support Fund,AIZ,Assurant,corporate_foundation,auto-added from IRS index scan (tier A — high confidence name match)
88-1905780,Albemarle Foundation For Education,ALB,Albemarle Corporation,corporate_foundation,auto-added from IRS index scan (tier A — high confidence name match)
36-6116535,The Allstate Foundation,ALL,Allstate,corporate_foundation,auto-added from IRS index scan (tier A — high confidence name match)
77-0386898,The Applied Materials Foundation,AMAT,Applied Materials,corporate_foundation,auto-added from IRS index scan (tier A — high confidence name match)
41-6038616,The Amcor Cares Foundation,AMCR,Amcor,corporate_foundation,auto-added from IRS index scan (tier A — high confidence name match)
13-6095939,Ametek Foundation Inc,AME,Ametek,corporate_foundation,auto-added from IRS index scan (tier A — high confidence name match)
22-3850021,Amgen Safety Net Foundation,AMGN,Amgen,corporate_foundation,auto-added from IRS index scan (tier A — high confidence name match)
81-5266916,American Tower Charitable Foundation Inc,AMT,American Tower,corporate_foundation,auto-added from IRS index scan (tier A — high confidence name match)
36-3337340,Aon Foundation,AON,Aon,corporate_foundation,auto-added from IRS index scan (tier A — high confidence name match)
27-1449069,Apa Heritage Foundation,APA,APA Corporation,corporate_foundation,auto-added from IRS index scan (tier A — high confidence name match)
23-2130928,Air Products Foundation,APD,Air Products,corporate_foundation,auto-added from IRS index scan (tier A — high confidence name match)
39-1366838,Aptiv Foundation Inc,APTV,Aptiv,corporate_foundation,auto-added from IRS index scan (tier A — high confidence name match)
26-4754581,Broadcom Foundation,AVGO,Broadcom,corporate_foundation,auto-added from IRS index scan (tier A — high confidence name match)
95-3251844,Avery Dennison Foundation,AVY,Avery Dennison,corporate_foundation,auto-added from IRS index scan (tier A — high confidence name match)
13-6123529,American Express Foundation,AXP,American Express,corporate_foundation,auto-added from IRS index scan (tier A — high confidence name match)
91-6056738,Boeing Company Charitable Trust,BA,Boeing,corporate_foundation,auto-added from IRS index scan (tier A — high confidence name match)
36-3159396,Baxter International Foundation,BAX,Baxter International,corporate_foundation,auto-added from IRS index scan (tier A — high confidence name match)
41-1784382,Best Buy Foundation,BBY,Best Buy,corporate_foundation,auto-added from IRS index scan (tier A — high confidence name match)
16-1636254,Biogen Foundation Incorporated,BIIB,Biogen,corporate_foundation,auto-added from IRS index scan (tier A — high confidence name match)
31-1605320,Bny Mellon Foundation,BK,BNY Mellon,corporate_foundation,auto-added from IRS index scan (tier A — high confidence name match)
76-0441292,Baker Hughes Foundation,BKR,Baker Hughes,corporate_foundation,auto-added from IRS index scan (tier A — high confidence name match)
47-3577741,Berkshire Hathaway Energy Foundation,BRK-B,Berkshire Hathaway,corporate_foundation,auto-added from IRS index scan (tier A — high confidence name match)
20-3617312,Brown & Brown Disaster Relief Foundation Inc,BRO,Brown & Brown,corporate_foundation,auto-added from IRS index scan (tier A — high confidence name match)
04-3556844,Boston Scientific Foundation Inc,BSX,Boston Scientific,corporate_foundation,auto-added from IRS index scan (tier A — high confidence name match)
26-0462996,The Blackstone Charitable Foundation,BX,Blackstone Inc.,corporate_foundation,auto-added from IRS index scan (tier A — high confidence name match)
36-2899320,Conagra Brands Foundation,CAG,Conagra Brands,corporate_foundation,auto-added from IRS index scan (tier A — high confidence name match)
31-6612591,Cardinal Health Associates Foundation,CAH,Cardinal Health,corporate_foundation,auto-added from IRS index scan (tier A — high confidence name match)
37-6022314,Caterpillar Foundation,CAT,Caterpillar Inc.,corporate_foundation,auto-added from IRS index scan (tier A — high confidence name match)
51-0439609,Cbre Foundation Inc,CBRE,CBRE Group,corporate_foundation,auto-added from IRS index scan (tier A — high confidence name match)
52-1452037,Constellation Energy Foundation Inc,CEG,Constellation Energy,corporate_foundation,auto-added from IRS index scan (tier A — high confidence name match)
88-4379468,Cf Industries Foundation,CF,CF Industries,corporate_foundation,auto-added from IRS index scan (tier A — high confidence name match)
13-4294066,Church & Dwight Employee Giving Fund Inc,CHD,Church & Dwight,corporate_foundation,auto-added from IRS index scan (tier A — high confidence name match)
23-6261726,Cigna Foundation,CI,Cigna,corporate_foundation,auto-added from IRS index scan (tier A — high confidence name match)
94-2674980,The Clorox Company Foundation,CLX,Clorox,corporate_foundation,auto-added from IRS index scan (tier A — high confidence name match)
45-0575574,Cme Group Foundation,CME,CME Group,corporate_foundation,auto-added from IRS index scan (tier A — high confidence name match)
88-1925261,The Cummins Crew Foundation Inc,CMI,Cummins,corporate_foundation,auto-added from IRS index scan (tier A — high confidence name match)
38-3575175,Cms Energy Foundation,CMS,CMS Energy,corporate_foundation,auto-added from IRS index scan (tier A — high confidence name match)
20-1298192,The Centene Charitable Foundation,CNC,Centene Corporation,corporate_foundation,auto-added from IRS index scan (tier A — high confidence name match)
35-1950691,Centerpoint Energy Foundation Inc,CNP,CenterPoint Energy,corporate_foundation,auto-added from IRS index scan (tier A — high confidence name match)
33-0911609,The Popocatepetl Foundation Fka Blachford-Cooper Foundation Inc,COO,Cooper Companies (The),corporate_foundation,auto-added from IRS index scan (tier A — high confidence name match)
47-1846222,Cencora Impact Foundation,COR,Cencora,corporate_foundation,auto-added from IRS index scan (tier A — high confidence name match)
91-1799391,The Costco Foundation,COST,Costco,corporate_foundation,auto-added from IRS index scan (tier A — high confidence name match)
21-6019196,Campbell Soup Foundation,CPB,Campbell Soup Company,corporate_foundation,auto-added from IRS index scan (tier A — high confidence name match)
27-3533626,Copart Charitable Foundation,CPRT,Copart,corporate_foundation,auto-added from IRS index scan (tier A — high confidence name match)
51-0188208,Charles River Laboratories Foundation Inc,CRL,Charles River Laboratories,corporate_foundation,auto-added from IRS index scan (tier A — high confidence name match)
82-1515943,The Crowdstrike Foundation,CRWD,CrowdStrike,corporate_foundation,auto-added from IRS index scan (tier A — high confidence name match)
27-1864907,Cisco Center Foundation Inc,CSCO,Cisco,corporate_foundation,auto-added from IRS index scan (tier A — high confidence name match)
26-2248439,Csx Foundation Inc,CSX,CSX Corporation,corporate_foundation,auto-added from IRS index scan (tier A — high confidence name match)
13-1980389,Cintas Foundation Inc,CTAS,Cintas,corporate_foundation,auto-added from IRS index scan (tier A — high confidence name match)
82-5385478,Cognizant Us Foundation,CTSH,Cognizant,corporate_foundation,auto-added from IRS index scan (tier A — high confidence name match)
42-1388269,Corteva Agriscience Foundation,CTVA,Corteva,corporate_foundation,auto-added from IRS index scan (tier A — high confidence name match)
05-0508742,Cvs Health Charity Classic Inc,CVS,CVS Health,corporate_foundation,auto-added from IRS index scan (tier A — high confidence name match)
86-1192142,Chevron Group Foundation Inc,CVX,Chevron Corporation,corporate_foundation,auto-added from IRS index scan (tier A — high confidence name match)
47-2746460,Dominion Energy Charitable Foundation,D,Dominion Energy,corporate_foundation,auto-added from IRS index scan (tier A — high confidence name match)
58-6073119,Delta Air Lines Foundation,DAL,Delta Air Lines,corporate_foundation,auto-added from IRS index scan (tier A — high confidence name match)
51-6011641,Chichester Dupont Foundation Inc,DD,DuPont,corporate_foundation,auto-added from IRS index scan (tier A — high confidence name match)
61-1492355,Dollar General Employee Assistance Foundation,DG,Dollar General,corporate_foundation,auto-added from IRS index scan (tier A — high confidence name match)
22-3093807,Quest Diagnostics Foundation Inc,DGX,Quest Diagnostics,corporate_foundation,auto-added from IRS index scan (tier A — high confidence name match)
46-5315398,Danaher Lynch Family Foundation,DHR,Danaher Corporation,corporate_foundation,auto-added from IRS index scan (tier A — high confidence name match)
30-0533141,Dover Library Foundation Inc,DOV,Dover Corporation,corporate_foundation,auto-added from IRS index scan (tier A — high confidence name match)
58-1703733,Domino'S Pizza Partners Foundation,DPZ,Domino's,corporate_foundation,auto-added from IRS index scan (tier A — high confidence name match)
59-3332929,Darden Restaurants Inc Foundation,DRI,Darden Restaurants,corporate_foundation,auto-added from IRS index scan (tier A — high confidence name match)
38-2708636,Dte Energy Foundation,DTE,DTE Energy,corporate_foundation,auto-added from IRS index scan (tier A — high confidence name match)
58-1586283,Duke Energy Foundation,DUK,Duke Energy,corporate_foundation,auto-added from IRS index scan (tier A — high confidence name match)
33-0932587,Davita Children'S Foundation,DVA,DaVita,corporate_foundation,auto-added from IRS index scan (tier A — high confidence name match)
36-5040938,Devon Energy Charitable Foundation,DVN,Devon Energy,corporate_foundation,auto-added from IRS index scan (tier A — high confidence name match)
02-0605596,Ebay Foundation,EBAY,eBay,corporate_foundation,auto-added from IRS index scan (tier A — high confidence name match)
41-1372157,Ecolab Foundation (A/K/A Ecolab Industry Foundation),ECL,Ecolab,corporate_foundation,auto-added from IRS index scan (tier A — high confidence name match)
93-4767892,Consolidated Edison Foundationinc,ED,Consolidated Edison,corporate_foundation,auto-added from IRS index scan (tier A — high confidence name match)
83-4517595,Equifax Foundation Inc,EFX,Equifax,corporate_foundation,auto-added from IRS index scan (tier A — high confidence name match)
45-1274059,Everest Edwin Foundation,EG,Everest Group,corporate_foundation,auto-added from IRS index scan (tier A — high confidence name match)
95-4383002,Edison International Foundation,EIX,Edison International,corporate_foundation,auto-added from IRS index scan (tier A — high confidence name match)
35-2122763,Elevance Health Foundation Inc,ELV,Elevance Health,corporate_foundation,auto-added from IRS index scan (tier A — high confidence name match)
88-3070927,Equinix Foundation,EQIX,Equinix,corporate_foundation,auto-added from IRS index scan (tier A — high confidence name match)
36-4478772,Equity Residential Foundation,EQR,Equity Residential,corporate_foundation,auto-added from IRS index scan (tier A — high confidence name match)
04-3747289,Eqt Foundation,EQT,EQT Corporation,corporate_foundation,auto-added from IRS index scan (tier A — high confidence name match)
06-1527290,Eversource Energy Foundation Inc C/O Kevin Morrissey,ES,Eversource Energy,corporate_foundation,auto-added from IRS index scan (tier A — high confidence name match)
45-5399245,Eaton Leadership Foundation,ETN,Eaton Corporation,corporate_foundation,auto-added from IRS index scan (tier A — high confidence name match)
71-0845366,Entergy Charitable Foundation,ETR,Entergy,corporate_foundation,auto-added from IRS index scan (tier A — high confidence name match)
46-1702755,Edwards Lifesciences Foundation,EW,Edwards Lifesciences,corporate_foundation,auto-added from IRS index scan (tier A — high confidence name match)
83-0499473,Exelon Foundation,EXC,Exelon,corporate_foundation,auto-added from IRS index scan (tier A — high confidence name match)
87-3645269,Factset Charitable Foundation,FDS,FactSet,corporate_foundation,auto-added from IRS index scan (tier A — high confidence name match)
46-3778145,Fedex Pilots Charitable Fund,FDX,FedEx,corporate_foundation,auto-added from IRS index scan (tier A — high confidence name match)
34-6514181,Firstenergy Foundation,FE,FirstEnergy,corporate_foundation,auto-added from IRS index scan (tier A — high confidence name match)
85-1252333,Fortinet Foundation,FTNT,Fortinet,corporate_foundation,auto-added from IRS index scan (tier A — high confidence name match)
84-2828145,The Fortive Foundation,FTV,Fortive,corporate_foundation,auto-added from IRS index scan (tier A — high confidence name match)
93-3085979,Ge Healthcare Charitable Foundation,GEHC,GE HealthCare,corporate_foundation,auto-added from IRS index scan (tier A — high confidence name match)
93-2481739,Ge Vernova Foundation I,GEV,GE Vernova,corporate_foundation,auto-added from IRS index scan (tier A — high confidence name match)
93-4931186,Globe Life Foundation,GL,Globe Life,corporate_foundation,auto-added from IRS index scan (tier A — high confidence name match)
34-1270856,Owens Corning Foundation,GLW,Corning Inc.,corporate_foundation,auto-added from IRS index scan (tier A — high confidence name match)
88-1928522,Generac Foundation Inc,GNRC,Generac,corporate_foundation,auto-added from IRS index scan (tier A — high confidence name match)
85-3724394,The Global Payments Care Foundation Inc,GPN,Global Payments,corporate_foundation,auto-added from IRS index scan (tier A — high confidence name match)
26-2383244,Halliburton Charitable Foundation,HAL,Halliburton,corporate_foundation,auto-added from IRS index scan (tier A — high confidence name match)
22-2538470,Hasbro Foundation Inc,HAS,Hasbro,corporate_foundation,auto-added from IRS index scan (tier A — high confidence name match)
61-1230563,Hca Healthcare Foundation,HCA,HCA Healthcare,corporate_foundation,auto-added from IRS index scan (tier A — high confidence name match)
06-1415320,Hartford Marathon Foundation Inc,HIG,Hartford (The),corporate_foundation,auto-added from IRS index scan (tier A — high confidence name match)
35-0390706,The Honeywell Foundation Inc,HON,Honeywell,corporate_foundation,auto-added from IRS index scan (tier A — high confidence name match)
47-5011215,Hewlett Packard Enterprise Foundation,HPE,Hewlett Packard Enterprise,corporate_foundation,auto-added from IRS index scan (tier A — high confidence name match)
51-0470289,Hp Baptist School Foundation,HPQ,HP Inc.,corporate_foundation,auto-added from IRS index scan (tier A — high confidence name match)
01-0761416,Hormel Foods Corporation Charitable Trust,HRL,Hormel Foods,corporate_foundation,auto-added from IRS index scan (tier A — high confidence name match)
26-4137268,Henry Schein Cares Foundation Inc,HSIC,Henry Schein,corporate_foundation,auto-added from IRS index scan (tier A — high confidence name match)
34-1574366,The Hershey Family Foundation Choate Hall & Stewart/ Ccasey,HSY,Hershey Company (The),corporate_foundation,auto-added from IRS index scan (tier A — high confidence name match)
61-1004763,Humana Foundation Inc,HUM,Humana,corporate_foundation,auto-added from IRS index scan (tier A — high confidence name match)
84-3022317,Howmet Aerospace Foundation,HWM,Howmet Aerospace,corporate_foundation,auto-added from IRS index scan (tier A — high confidence name match)
47-1141222,Idex Foundation,IEX,IDEX Corporation,corporate_foundation,auto-added from IRS index scan (tier A — high confidence name match)
37-1827916,Incyte Charitable Giving Foundation,INCY,Incyte,corporate_foundation,auto-added from IRS index scan (tier A — high confidence name match)
94-3092928,Intel Foundation,INTC,Intel,corporate_foundation,auto-added from IRS index scan (tier A — high confidence name match)
47-0860921,The Intuit Foundation,INTU,Intuit,corporate_foundation,auto-added from IRS index scan (tier A — high confidence name match)
13-6155080,International Paper Company Foundation,IP,International Paper,corporate_foundation,auto-added from IRS index scan (tier A — high confidence name match)
91-1777447,Iron Mountain Public School Scholarship Foundation-C/O First Bank Of Upper Mi,IRM,Iron Mountain,corporate_foundation,auto-added from IRS index scan (tier A — high confidence name match)
22-2400456,The Joseph And Anna Gartner Foundation,IT,Gartner,corporate_foundation,auto-added from IRS index scan (tier A — high confidence name match)
36-6087160,Illinois Tool Works Foundation,ITW,Illinois Tool Works,corporate_foundation,auto-added from IRS index scan (tier A — high confidence name match)
76-0522586,Invesco Foundation Inc,IVZ,Invesco,corporate_foundation,auto-added from IRS index scan (tier A — high confidence name match)
88-2162851,Jabil Cares Foundation Inc,JBL,Jabil,corporate_foundation,auto-added from IRS index scan (tier A — high confidence name match)
22-6062811,Johnson & Johnson Foundation United States Inc,JNJ,Johnson & Johnson,corporate_foundation,auto-added from IRS index scan (tier A — high confidence name match)
47-1861715,Keysight Technologies Foundation,KEYS,Keysight Technologies,corporate_foundation,auto-added from IRS index scan (tier A — high confidence name match)
46-0858318,The Kraft Heinz Company Foundation,KHC,Kraft Heinz,corporate_foundation,auto-added from IRS index scan (tier A — high confidence name match)
20-5831657,Kla Samaritan Foundation Inc Co First,KLAC,KLA Corporation,corporate_foundation,auto-added from IRS index scan (tier A — high confidence name match)
39-6044304,Kimberly-Clark Foundation,KMB,Kimberly-Clark,corporate_foundation,auto-added from IRS index scan (tier A — high confidence name match)
84-1148161,Kinder Morgan Foundation,KMI,Kinder Morgan,corporate_foundation,auto-added from IRS index scan (tier A — high confidence name match)
83-0898036,The Kroger Co Zero Hunger Zero Waste Foundation,KR,Kroger,corporate_foundation,auto-added from IRS index scan (tier A — high confidence name match)
20-3922378,Leidos Relief Foundation,LDOS,Leidos,corporate_foundation,auto-added from IRS index scan (tier A — high confidence name match)
65-0171539,Lennar Foundation,LEN,Lennar,corporate_foundation,auto-added from IRS index scan (tier A — high confidence name match)
81-0587320,The Labcorp Charitable Foundation,LH,LabCorp,corporate_foundation,auto-added from IRS index scan (tier A — high confidence name match)
34-6520425,L3Harris Foundation Inc,LHX,L3Harris,corporate_foundation,auto-added from IRS index scan (tier A — high confidence name match)
75-2528901,Lockheed Martin Employee Charity Fund,LMT,Lockheed Martin,corporate_foundation,auto-added from IRS index scan (tier A — high confidence name match)
39-1444065,Alliant Energy Foundation Inc,LNT,Alliant Energy,corporate_foundation,auto-added from IRS index scan (tier A — high confidence name match)
56-6061689,Lowe'S Foundation,LOW,Lowe's,corporate_foundation,auto-added from IRS index scan (tier A — high confidence name match)
74-2560111,Southwest Airlines Employees Catastrophic Assistance Charity,LUV,Southwest Airlines,corporate_foundation,auto-added from IRS index scan (tier A — high confidence name match)
98-0543843,Mastercard Foundation,MA,Mastercard,corporate_foundation,auto-added from IRS index scan (tier A — high confidence name match)
34-6518820,Mckesson Foundation L-1635,MCK,McKesson Corporation,corporate_foundation,auto-added from IRS index scan (tier A — high confidence name match)
20-3881590,Mondelez International Foundation,MDLZ,Mondelez International,corporate_foundation,auto-added from IRS index scan (tier A — high confidence name match)
41-1306950,Medtronic Communities Foundation,MDT,Medtronic,corporate_foundation,auto-added from IRS index scan (tier A — high confidence name match)
13-2878224,Metlife Foundation,MET,MetLife,corporate_foundation,auto-added from IRS index scan (tier A — high confidence name match)
01-0640027,Mgm Resorts Foundation,MGM,MGM Resorts,corporate_foundation,auto-added from IRS index scan (tier A — high confidence name match)
41-6038262,3M Foundation,MMM,3M,corporate_foundation,auto-added from IRS index scan (tier A — high confidence name match)
91-1531756,Mosaic Multicultural Foundation,MOS,Mosaic Company (The),corporate_foundation,auto-added from IRS index scan (tier A — high confidence name match)
46-4439930,Marathon Petroleum Foundation Inc,MPC,Marathon Petroleum,corporate_foundation,auto-added from IRS index scan (tier A — high confidence name match)
87-1807181,Moderna Charitable Foundation Inc,MRNA,Moderna,corporate_foundation,auto-added from IRS index scan (tier A — high confidence name match)
52-7082731,Morgan Stanley Global Impact Funding Trust Inc,MS,Morgan Stanley,corporate_foundation,auto-added from IRS index scan (tier A — high confidence name match)
82-0516178,Micron Technology Foundation Inc,MU,Micron Technology,corporate_foundation,auto-added from IRS index scan (tier A — high confidence name match)
34-1596194,The Nordson Corporation Foundation,NDSN,Nordson Corporation,corporate_foundation,auto-added from IRS index scan (tier A — high confidence name match)
65-0031452,Nextera Energy Foundation Inc,NEE,NextEra Energy,corporate_foundation,auto-added from IRS index scan (tier A — high confidence name match)
51-0324200,Nisource Charitable Foundation,NI,NiSource,corporate_foundation,auto-added from IRS index scan (tier A — high confidence name match)
95-6095343,The Northrop Grumman Foundation,NOC,Northrop Grumman,corporate_foundation,auto-added from IRS index scan (tier A — high confidence name match)
23-7318064,Nucor Foundation Inc,NUE,Nucor,corporate_foundation,auto-added from IRS index scan (tier A — high confidence name match)
54-6036792,Old Dominion Box Co Foundation Inc,ODFL,Old Dominion,corporate_foundation,auto-added from IRS index scan (tier A — high confidence name match)
73-1503823,Oneok Foundation Inc,OKE,ONEOK,corporate_foundation,auto-added from IRS index scan (tier A — high confidence name match)
27-2249812,Omnicom Group Foundation Inc,OMC,Omnicom Group,corporate_foundation,auto-added from IRS index scan (tier A — high confidence name match)
83-3782653,On Semiconductor Foundation,ON,ON Semiconductor,corporate_foundation,auto-added from IRS index scan (tier A — high confidence name match)
94-3382118,Oracle Education Foundation,ORCL,Oracle Corporation,corporate_foundation,auto-added from IRS index scan (tier A — high confidence name match)
46-5691719,Paychex Charitable Foundation Inc,PAYX,Paychex,corporate_foundation,auto-added from IRS index scan (tier A — high confidence name match)
91-6030638,Paccar Foundation,PCAR,Paccar,corporate_foundation,auto-added from IRS index scan (tier A — high confidence name match)
94-3358729,The Pg&E Corporation Foundation,PCG,PG&E Corporation,corporate_foundation,auto-added from IRS index scan (tier A — high confidence name match)
13-6163174,Pepsico Foundation Inc,PEP,PepsiCo,corporate_foundation,auto-added from IRS index scan (tier A — high confidence name match)
26-1437283,Pfizer Patient Assistance Foundation Inc,PFE,Pfizer,corporate_foundation,auto-added from IRS index scan (tier A — high confidence name match)
42-1312301,The Principal Financial Group Foundation Inc,PFG,Principal Financial Group,corporate_foundation,auto-added from IRS index scan (tier A — high confidence name match)
63-1166618,Progressive Agriculture Foundation,PGR,Progressive Corporation,corporate_foundation,auto-added from IRS index scan (tier A — high confidence name match)
85-1148214,Pultegroup Inc Charitable Foundation Inc,PHM,PulteGroup,corporate_foundation,auto-added from IRS index scan (tier A — high confidence name match)
36-4439409,Prologis Foundation,PLD,Prologis,corporate_foundation,auto-added from IRS index scan (tier A — high confidence name match)
41-1890149,Pentair Foundation,PNR,Pentair,corporate_foundation,auto-added from IRS index scan (tier A — high confidence name match)
46-1879809,Texas Pool Foundation,POOL,Pool Corporation,corporate_foundation,auto-added from IRS index scan (tier A — high confidence name match)
25-6037790,Ppg Industries Foundation,PPG,PPG Industries,corporate_foundation,auto-added from IRS index scan (tier A — high confidence name match)
46-1605118,Ppl Foundation,PPL,PPL Corporation,corporate_foundation,auto-added from IRS index scan (tier A — high confidence name match)
82-5383610,Ptc Foundation Inc,PTC,PTC Inc.,corporate_foundation,auto-added from IRS index scan (tier A — high confidence name match)
52-2316766,The Ralph Lauren Corporate Foundation C/O Cbiz Mhm Llc,RL,Ralph Lauren Corporation,corporate_foundation,auto-added from IRS index scan (tier A — high confidence name match)
02-0622126,Resmed Foundation,RMD,ResMed,corporate_foundation,auto-added from IRS index scan (tier A — high confidence name match)
48-1307009,Rockwell Automation Charitable Corp,ROK,Rockwell Automation,corporate_foundation,auto-added from IRS index scan (tier A — high confidence name match)
46-3828645,Ross Stores Foundation,ROST,Ross Stores,corporate_foundation,auto-added from IRS index scan (tier A — high confidence name match)
82-1349416,Republic Services Charitable Foundation,RSG,Republic Services,corporate_foundation,auto-added from IRS index scan (tier A — high confidence name match)
04-2683042,Revvity Foundation F/K/A Perkinelmer Foundation,RVTY,Revvity,corporate_foundation,auto-added from IRS index scan (tier A — high confidence name match)
94-3192615,Charles Schwab Foundation,SCHW,Charles Schwab Corporation,corporate_foundation,auto-added from IRS index scan (tier A — high confidence name match)
34-6555476,Sherwin-Williams Foundation,SHW,Sherwin-Williams,corporate_foundation,auto-added from IRS index scan (tier A — high confidence name match)
23-7033142,Schlumberger Foundation Inc,SLB,Schlumberger,corporate_foundation,auto-added from IRS index scan (tier A — high confidence name match)
77-0520414,Synopsys Silicon Valley Science And Technology Outreach Foundation,SNPS,Synopsys,corporate_foundation,auto-added from IRS index scan (tier A — high confidence name match)
95-4531147,The Southern California & Southern Nevada Teamsters Jc 42 Charity Fund Inc,SO,Southern Company,corporate_foundation,auto-added from IRS index scan (tier A — high confidence name match)
27-3655593,S&P Global Foundation Fka The Mcgraw-Hill Research Foundation,SPGI,S&P Global,corporate_foundation,auto-added from IRS index scan (tier A — high confidence name match)
26-1325469,Sempra Foundation,SRE,Sempra,corporate_foundation,auto-added from IRS index scan (tier A — high confidence name match)
34-1807803,Steris Foundation,STE,Steris,corporate_foundation,auto-added from IRS index scan (tier A — high confidence name match)
26-3012038,Steel Dynamics Foundation Inc,STLD,Steel Dynamics,corporate_foundation,auto-added from IRS index scan (tier A — high confidence name match)
56-2615567,State Street Foundation Inc,STT,State Street Corporation,corporate_foundation,auto-added from IRS index scan (tier A — high confidence name match)
20-3793783,Sysco Disaster Relief Foundation Inc,SYY,Sysco,corporate_foundation,auto-added from IRS index scan (tier A — high confidence name match)
46-5601414,Te Connectivity Foundation,TEL,TE Connectivity,corporate_foundation,auto-added from IRS index scan (tier A — high confidence name match)
81-6079739,Target Range Foundation,TGT,Target Corporation,corporate_foundation,auto-added from IRS index scan (tier A — high confidence name match)
04-2399760,The Tjx Foundation Inc,TJX,TJX Companies,corporate_foundation,auto-added from IRS index scan (tier A — high confidence name match)
47-2113249,Tko Strong Foundation Inc,TKO,TKO Group Holdings,corporate_foundation,auto-added from IRS index scan (tier A — high confidence name match)
37-1380272,Trimble Foundation,TRMB,Trimble Inc.,corporate_foundation,auto-added from IRS index scan (tier A — high confidence name match)
84-3668757,Tractor Supply Company Foundation,TSCO,Tractor Supply,corporate_foundation,auto-added from IRS index scan (tier A — high confidence name match)
20-2045897,Trane Technologies Charitable Foundation,TT,Trane Technologies,corporate_foundation,auto-added from IRS index scan (tier A — high confidence name match)
75-6038519,Texas Instruments Foundation,TXN,Texas Instruments,corporate_foundation,auto-added from IRS index scan (tier A — high confidence name match)
25-6115832,Textron Charitable Trust Dtd 122353,TXT,Textron,corporate_foundation,auto-added from IRS index scan (tier A — high confidence name match)
36-3929159,United Airlines Historical Foundation Co D Dopkin,UAL,United Airlines Holdings,corporate_foundation,auto-added from IRS index scan (tier A — high confidence name match)
20-3396995,Universal Health Services Foundation,UHS,Universal Health Services,corporate_foundation,auto-added from IRS index scan (tier A — high confidence name match)
13-6406825,Union Pacific Foundation,UNP,Union Pacific Corporation,corporate_foundation,auto-added from IRS index scan (tier A — high confidence name match)
85-4325575,Visa Vel Foundation,V,Visa Inc.,corporate_foundation,auto-added from IRS index scan (tier A — high confidence name match)
74-2904514,Valero Energy Foundation,VLO,Valero Energy,corporate_foundation,auto-added from IRS index scan (tier A — high confidence name match)
63-0971859,Vulcan Materials Company Foundation,VMC,Vulcan Materials Company,corporate_foundation,auto-added from IRS index scan (tier A — high confidence name match)
20-3959500,Ventas Charitable Foundation Inc,VTR,Ventas,corporate_foundation,auto-added from IRS index scan (tier A — high confidence name match)
14-1994641,Wabtec Foundation,WAB,Wabtec,corporate_foundation,auto-added from IRS index scan (tier A — high confidence name match)
20-8837637,Warriors & Quiet Waters Foundation Inc,WAT,Waters Corporation,corporate_foundation,auto-added from IRS index scan (tier A — high confidence name match)
81-0981987,Welltower Charitable Foundation,WELL,Welltower,corporate_foundation,auto-added from IRS index scan (tier A — high confidence name match)
38-2849841,Dart Foundation Fka Solid Waste Management Foundation,WM,Waste Management,corporate_foundation,auto-added from IRS index scan (tier A — high confidence name match)
27-3584830,Tommy And Trudy Williams Foundation,WMB,Williams Companies,corporate_foundation,auto-added from IRS index scan (tier A — high confidence name match)
20-3424952,Williams-Sonoma Inc Foundation,WSM,Williams-Sonoma,corporate_foundation,auto-added from IRS index scan (tier A — high confidence name match)
41-6012062,Weyerhaeuser Family Foundationinc,WY,Weyerhaeuser,corporate_foundation,auto-added from IRS index scan (tier A — high confidence name match)
47-3468336,Wynn Resorts Foundation,WYNN,Wynn Resorts,corporate_foundation,auto-added from IRS index scan (tier A — high confidence name match)
41-2007734,Xcel Energy Foundation,XEL,Xcel Energy,corporate_foundation,auto-added from IRS index scan (tier A — high confidence name match)
13-6082357,Exxonmobil Foundation,XOM,ExxonMobil,corporate_foundation,auto-added from IRS index scan (tier A — high confidence name match)
83-2382526,Zimmer Biomet Foundation Inc,ZBH,Zimmer Biomet,corporate_foundation,auto-added from IRS index scan (tier A — high confidence name match)
88-6668828,Zebra Technologies Corporation Charitable Foundation,ZBRA,Zebra Technologies,corporate_foundation,auto-added from IRS index scan (tier A — high confidence name match)
85-4303487,Zoetis Foundation Inc,ZTS,Zoetis,corporate_foundation,auto-added from IRS index scan (tier A — high confidence name match)
